<?xml version='1.0' encoding='UTF-8'?>
<addon id="script.module.hootzxinstaller" name="HootzX Installer" provider-name="HootzX" version="0.0.1">
  <requires>
    <import addon="repository.hootzx" version="0.0.1" />  
    <import addon="repository.aussieaddons" version="1.0.0" />
    <import addon="repository.bingie" version="1.0.2" />
	<import addon="repository.castagnait" version="1.0.0" />
	<import addon="repository.catchuptvandmore.krypton-leia-matrix.beta" version="0.0.6" />	
	<import addon="repository.evolve" version="0.0.9" />	
	<import addon="repository.foreverguest" version="1.1.0" />	
	<import addon="repository.marcelveldt" version="1.0.1" />
	<import addon="repository.marduk" version="1.0.3" />
	<import addon="repository.matthuisman" version="0.6.6" />
	<import addon="repository.primaeval" version="0.0.2" />
	<import addon="repository.rector.stuff" version="1.0.0" />
	<import addon="repository.redditreaper" version="0.1.2" />
	<import addon="repository.sandmann79.plugins" version="1.0.2" />
	<import addon="repository.xbmcadult" version="1.0.7" />
	<import addon="repository.zachmorris" version="1.0.0" />
  </requires>
  <extension library="lib" point="xbmc.python.module" />
  <extension point="xbmc.addon.metadata">
    <assets>
      <icon>icon.png</icon>
    </assets>
    <summary>HootzX Installer</summary>
    <description>HootzX Installer</description>
    <source>https://github.com/hoozx/repository.hootzx</source>
    <platform>all</platform>
    <license>GNU GENERAL PUBLIC LICENSE Version 3, 29 June 2007</license>
  <news>
[B]Version v0.0.1[/B]
- Initial version
</news></extension>
</addon>