<?xml version='1.0' encoding='UTF-8'?>
<addon id="script.module.hootzxinstaller" name="HootzX Installer" provider-name="HootzX" version="0.0.1">
  <requires>
    <import addon="repository.aussieaddons" version="1.0.0" />
    <import addon="repository.bingie" version="1.0.2" />
	<import addon="repository.castagnait" version="1.0.0" />
	<import addon="repository.foreverguest" version="1.1.0" />
	<import addon="repository.hootzx" version="0.0.1" />	
	<import addon="repository.marcelveldt" version="1.0.1" />
	<import addon="repository.marduk" version="1.0.3" />
	<import addon="repository.matthuisman" version="0.6.6" />
	<import addon="repository.primaeval" version="0.0.2" />
	<import addon="repository.rector.stuff" version="1.0.0" />
	<import addon="repository.redditreaper" version="0.1.2" />
	<import addon="repository.sandmann79.plugins" version="1.0.2" />
	<import addon="repository.xbmcadult" version="1.0.7" />
	<import addon="catchuptvandmore.kodi.krypton.beta" version="0.0.5" />
	<import addon="script.artwork.beef" version="0.26.0" />
	<import addon="script.bingie.helper" version="1.0.0" />
	<import addon="script.common.plugin.cache" version="2.5.10" />
	<import addon="script.cu.lrclyrics" version="5.5.14" />
	<import addon="script.extendedinfo" version="5.6.1" />
	<import addon="script.globalsearch" version="8.0.11" />
	<import addon="script.module.addon.signals" version="0.0.3" />
	<import addon="script.module.arrow" version="0.10.0" />
	<import addon="script.module.aussieaddonscommon" version="1.2.0" />
	<import addon="script.module.autocompletion" version="1.1.2" />
	<import addon="script.module.beautifulsoup" version="3.2.1" />
	<import addon="script.module.beautifulsoup4" version="4.6.2" />
	<import addon="script.module.cache" version="1.0.3" />
	<import addon="script.module.certifi" version="2019.3.9" />
	<import addon="script.module.chardet" version="3.0.4" />
	<import addon="script.module.cherrypy" version="17.4.0" />
	<import addon="script.module.codequick" version="0.9.10" />
	<import addon="script.module.dateutil" version="2.7.3" />
	<import addon="script.module.decorator" version="3.4.0" />
	<import addon="script.module.drmhelper" version="2.0.0" />
	<import addon="script.module.future" version="16.0.4" />
	<import addon="script.module.htmlement" version="0.2.3" />
	<import addon="script.module.httplib2" version="0.10.3" />
	<import addon="script.module.idna" version="0.2.8" />
	<import addon="script.module.inputstreamhelper" version="0.3.5" />
	<import addon="script.module.issuereporter" version="1.0.1" />
	<import addon="script.module.kodi65" version="1.2.1" />
	<import addon="script.module.kodi-six" version="0.1.0" />
	<import addon="script.module.mechanize" version="0.2.6" />
	<import addon="script.module.metadatautils" version="1.0.21" />
	<import addon="script.module.musicbrainz" version="0.6.0" />
	<import addon="script.module.pycaption" version="0.5.6" />
	<import addon="script.module.pydes" version="2.0.1" />
	<import addon="script.module.pyqrcode" version="0.0.2" />	
	<import addon="script.module.pytz" version="0.2014.2" />
	<import addon="script.module.pyxbmct" version="1.3.0" />
	<import addon="script.module.requests" version="2.22.0" />
	<import addon="script.module.routing" version="0.2.1" />
	<import addon="script.module.simplecache" version="1.0.17" />
	<import addon="script.module.simplejson" version="3.16.1" />
	<import addon="script.module.six" version="1.11.0" />
	<import addon="script.module.t1mlib" version="1.0.18" />
	<import addon="script.module.thetvdb" version="1.0.27" />
	<import addon="script.module.tzlocal" version="2.0.0" />
	<import addon="script.module.unidecode" version="0.4.16" />
	<import addon="script.module.urllib3" version="1.25.3" />
	<import addon="script.module.youtube.dl" version="18.1107.0" />
	<import addon="script.skin.helper.backgrounds" version="1.0.34" />
	<import addon="script.skin.helper.service" version="1.1.32" />
	<import addon="script.skin.helper.skinbackup" version="1.0.22" />
	<import addon="script.skin.helper.widgets" version="1.1.2" />
	<import addon="script.skinshortcuts" version="1.0.19~alpha" />
	<import addon="script.tv.show.next.aired" version="7.0.1" />
	<import addon="resource.images.backgroundoverlays.basic" version="1.0.0" />
	<import addon="resource.images.languageflags.colour" version="0.0.4" />
	<import addon="resource.images.moviegenrefanart.metrocity" version="1.0.0" />
	<import addon="resource.images.moviegenreicons.transparent" version="0.0.6" />
	<import addon="resource.images.musicgenreicons.text" version="0.1.0" />
	<import addon="resource.images.skinbackgrounds.titanium" version="1.0.0" />
	<import addon="resource.images.skinicons.wide" version="1.0.5" />
	<import addon="resource.images.studios.white" version="0.0.21" />
	<import addon="resource.images.weatherfanart.multi" version="0.0.6" />
	<import addon="resource.images.weathericons.3d-white" version="0.0.6" />
	<import addon="inputstream.adaptive" version="2.3.22" />	
	<import addon="metadata.album.universal" version="3.1.2" />	
	<import addon="metadata.artists.universal" version="4.3.2" />	
	<import addon="metadata.themoviedb.org" version="5.1.8" />	
	<import addon="metadata.tvshows.themoviedb.org" version="3.1.3" />	
	<import addon="pvr.iptvsimple" version="3.7.2" />	
	<import addon="service.upnext" version="1.0.1" />	
	<import addon="plugin.audio.googlemusic.exp" version="2.0.2" />	
	<import addon="plugin.program.autocompletion" version="1.0.1" />	
	<import addon="plugin.program.iptv.merge" version="0.3.0" />	
	<import addon="plugin.program.super.favourites" version="1.0.59" />	
	<import addon="plugin.video.abc_iview" version="1.8.5" />	
	<import addon="plugin.video.abcfamily" version="3.0.7" />	
	<import addon="plugin.video.amazon-test" version="0.7.4" />	
	<import addon="plugin.video.aswim" version="3.0.3" />	
	<import addon="plugin.video.au.freeview" version="0.13.8" />	
	<import addon="plugin.video.catchuptv.au.nine" version="1.0.4" />	
	<import addon="plugin.video.catchuptv.au.ten" version="1.0.0" />	
	<import addon="plugin.video.catchuptvandmore" version="0.2.11~beta05" />	
	<import addon="plugin.video.comedycentral" version="1.0.2" />	
	<import addon="plugin.video.crackle" version="2018.12.17" />	
	<import addon="plugin.video.foxtel.go" version="0.3.6" />	
	<import addon="plugin.video.helixhosting" version="1.0.0" />		
	<import addon="plugin.video.netflix" version="0.14.6" />	
	<import addon="plugin.video.ng" version="1.0.0" />	
	<import addon="plugin.video.nz.freeview" version="0.14.2" />	
	<import addon="plugin.video.plus7" version="4.0.2" />	
	<import addon="plugin.video.sbs" version="1.1.3" />	
	<import addon="plugin.video.three.now" version="0.10.9" />	
	<import addon="plugin.video.travel" version="3.0.8" />	
	<import addon="plugin.video.tvland" version="1.0.0" />	
	<import addon="plugin.video.tvnz.ondemand" version="0.14.9" />	
	<import addon="plugin.video.videodevil" version="1.7.235" />	
	<import addon="plugin.video.wabc" version="3.0.11" />	
	<import addon="plugin.video.wnbc" version="3.0.18" />	
	<import addon="plugin.video.youtube" version="6.5.1" />		
	<import addon="skin.titan.bingie" version="1.0.3" />
  </requires>
  <extension library="lib" point="xbmc.python.module" />
  <extension point="xbmc.addon.metadata">
    <assets>
      <icon>icon.png</icon>
    </assets>
    <summary>HootzX Installer</summary>
    <description>HootzX Installer</description>
    <source>https://github.com/hoozx/repository.hootzx</source>
    <platform>all</platform>
    <license>GNU GENERAL PUBLIC LICENSE Version 3, 29 June 2007</license>
  <news>
[B]Version v0.0.1[/B]
- Initial version
</news></extension>
</addon>