<?xml version="1.0" encoding="UTF-8" standalone="yes"?>
<addon id="repository.hootzx" name="HootzX Repository" version="0.0.1" provider-name="hootzx">
    <extension point="xbmc.addon.repository" name="HootzX Repository">
      <info compressed="false">https://raw.githubusercontent.com/HootzX/repository.hootzx/master/addons.xml</info>
      <checksum>https://raw.githubusercontent.com/HootzX/repository.hootzx/master/addons.xml.md5</checksum>
      <datadir zip="true">https://raw.githubusercontent.com/HootzX/repository.hootzx/master/</datadir>
    </extension>
    <extension point="xbmc.addon.metadata">
        <summary>HootzX Repo</summary>
        <platform>all</platform>
    </extension>
</addon>